ttf-amiri-typewriter,amiri-typewriter-font
ttf-architects-daughter,architects-daughter-font
ttf-aref-ruqaa,aref-ruqaa-font
ttf-arkitech,arkitech-font
ttf-arkitech-stencil,arkitech-stencil-font
ttf-cascadia-code-git,ttf-cascadia-code-git
ttf-celestia-medium-redux,celestia-medium-redux
ttf-commissioner,commissioner-font
ttf-commissioner-variable,commissioner-font
ttf-d-din,d-din
ttf-daubenton,daubenton-font
ttf-elstob,elstob-font
ttf-elstob-desktop,elstob-font
ttf-elstob-variable,elstob-font
ttf-emberly,emberly-font
ttf-emberly-variable,emberly-font
ttf-fantasma,fantasma
ttf-ferrite-core,ttf-ferrite-core
ttf-font-awesome-5,font-awesome-5
ttf-kurier,font-kurier
ttf-symbola,ttf-symbola
ttf-clarity-city,otf-clarity-city
ttf-et-book,fonts-et-book
ttf-impallari-miltonian,ttf-impallari-miltonian
ttf-fork-awesome,fork-awesome
ttf-fraunces,fraunces-font
ttf-fraunces-variable,fraunces-font
ttf-fraunces-variable-git,fraunces-font-git
ttf-gulzar,gulzar-font
ttf-jena1330-git,jena1330-fonts-git
ttf-jura,ttf-jura
ttf-jura-variable,jura-font
ttf-kanit,kanit-font
ttf-konstruktor,konstruktor-font
ttf-lalezar,lalezar
ttf-lausanne,lausanne-font
ttf-league-fonts,league-fonts
ttf-league-gothic,ttf-league-gothic
ttf-league-mono,ttf-league-mono
ttf-league-mono-variable,league-mono-font
ttf-league-spartan,ttf-league-spartan
ttf-league-spartan-variable,league-spartan-font
ttf-league-spartan-git,league-spartan-font-git
ttf-league-spartan-variable-git,league-spartan-font-git
ttf-leander,leander-font
ttf-librebarcode,librebarcode-font
ttf-mada-variable,mada-font
ttf-marcellus,marcellus-font
ttf-material-icons-git,ttf-material-icons-git
ttf-meteocons,meteocons
ttf-nerd-fonts-victor-mono,nerd-fonts-victor-mono
ttf-alegreya,otf-alegreya
ttf-hasklig,otf-hasklig
ttf-impallari-amiko-devanagari,otf-impallari-amiko-devanagari
ttf-impallari-libre-franklin,otf-impallari-libre-franklin
ttf-line-seed,otf-line-seed
ttf-monocraft,otf-monocraft
ttf-zilla-slab,otf-zilla-slab
ttf-plus-jakarta-sans,plus-jakarta-sans-font
ttf-plus-jakarta-sans-variable,plus-jakarta-sans-font
ttf-pretendard,pretendard
ttf-quicksand-variable,quicksand-font
ttf-raleway,ttf-raleway
ttf-raleway-variable,raleway-font
ttf-raleway-git,raleway-font-git
ttf-raleway-variable-git,raleway-font-git
ttf-rasa,rasa-font
ttf-red-october,red-october-font
ttf-redressed,redressed-font
ttf-reem-kufi,reem-kufi-font
ttf-smiley-sans,smiley-sans
ttf-smiley-sans-bin,smiley-sans-bin
ttf-smiley-sans-git,smiley-sans-git
ttf-sora,sora-font
ttf-sora-variable,sora-font
ttf-spectral,ttf-spectral
ttf-syntha,syntha-font
ttf-0xa000,ttf-0xa000
ttf-14minute,ttf-14minute
ttf-29lt-zarid-sans,ttf-29lt-zarid-sans
ttf-975maru-git,ttf-975maru-git
ttf-abel-regular,ttf-abel-regular
ttf-abibas,ttf-abibas
ttf-abkai,ttf-abkai
ttf-abril-fatface-google-fonts,ttf-abril-fatface-google-fonts
ttf-abuse,ttf-abuse
ttf-adobe-fangsong,ttf-adobe-fangsong
ttf-adobe-heiti,ttf-adobe-heiti
ttf-adobe-kaiti,ttf-adobe-kaiti
ttf-adobe-song,ttf-adobe-song
ttf-adobe-source-code-pro-fonts,ttf-adobe-source-code-pro-fonts
ttf-adobe-source-fonts,ttf-adobe-source-fonts
ttf-adobe-source-sans-fonts,ttf-adobe-source-sans-fonts
ttf-adobe-source-serif-fonts,ttf-adobe-source-serif-fonts
ttf-advent-pro,ttf-advent-pro
ttf-aenigma,ttf-aenigma
ttf-agave,ttf-agave
ttf-air-americana,ttf-air-americana
ttf-aireexterior,ttf-aireexterior
ttf-akashi,ttf-akashi
ttf-alef,ttf-alef
ttf-alegreya-sans,ttf-alegreya-sans
ttf-all-the-icons,ttf-all-the-icons
ttf-aller,ttf-aller
ttf-allura,ttf-allura
ttf-alone_in_the_dark,ttf-alone_in_the_dark
ttf-alte-haas-grotesk,ttf-alte-haas-grotesk
ttf-amerika,ttf-amerika
ttf-amiri,ttf-amiri
ttf-amstelvar,ttf-amstelvar
ttf-ancient-fonts,ttf-ancient-fonts
ttf-ancient-semitic,ttf-ancient-semitic
ttf-andada,ttf-andada
ttf-andika,ttf-andika
ttf-aniron,ttf-aniron
ttf-anka-coder,ttf-anka-coder
ttf-anka-coder-condensed,ttf-anka-coder-condensed
ttf-anonymice-powerline-git,ttf-anonymice-powerline-git
ttf-antinoou,ttf-antinoou
ttf-antipasto,ttf-antipasto
ttf-antonio,ttf-antonio
ttf-apl385,ttf-apl385
ttf-apple-emoji,ttf-apple-emoji
ttf-apple-kid,ttf-apple-kid
ttf-aquiline-two,ttf-aquiline-two
ttf-arabeyes-fonts,ttf-arabeyes-fonts
ttf-archivo-black,ttf-archivo-black
ttf-archivo-narrow,ttf-archivo-narrow
ttf-archivo-variable,ttf-archivo-variable
ttf-arphic-extra,ttf-arphic-extra
ttf-arphic-tex-extra,ttf-arphic-tex-extra
ttf-arvo,ttf-arvo
ttf-asap-variable,ttf-asap-variable
ttf-astacid-mono,ttf-astacid-mono
ttf-astra-sans,ttf-astra-sans
ttf-astra-serif,ttf-astra-serif
ttf-atarismall,ttf-atarismall
ttf-atom-file-icons,ttf-atom-file-icons
ttf-au,ttf-au
ttf-autour-one,ttf-autour-one
ttf-averia,ttf-averia
ttf-averia-libre,ttf-averia-libre
ttf-averia-serif,ttf-averia-serif
ttf-b612,ttf-b612
ttf-b612-git,ttf-b612-git
ttf-babel-sans,ttf-babel-sans
ttf-babelstone-han,ttf-babelstone-han
ttf-babelstone-irk-bitig,ttf-babelstone-irk-bitig
ttf-babelstone-marchen,ttf-babelstone-marchen
ttf-babelstone-roman,ttf-babelstone-roman
ttf-babelstone-runic,ttf-babelstone-runic
ttf-babelstone-tibetan,ttf-babelstone-tibetan
ttf-babelstone-zanabazar,ttf-babelstone-zanabazar
ttf-baemin,ttf-baemin
ttf-bakudai-git,ttf-bakudai-git
ttf-bangers,ttf-bangers
ttf-barcodes,ttf-barcodes
ttf-barlow,ttf-barlow
ttf-bazin-proposed-punctuation,ttf-bazin-proposed-punctuation
ttf-bbcreith,ttf-bbcreith
ttf-belligerent-madness,ttf-belligerent-madness
ttf-berylium-fonts,ttf-berylium-fonts
ttf-beteckna,ttf-beteckna
ttf-bevan,ttf-bevan
ttf-bignoodletitling,ttf-bignoodletitling
ttf-bitstream-charter,ttf-bitstream-charter
ttf-blackout,ttf-blackout
ttf-blex-nerd-font-git,ttf-blex-nerd-font-git
ttf-blogger-sans,ttf-blogger-sans
ttf-bmono,ttf-bmono
ttf-boogaloo,ttf-boogaloo
ttf-bookerly,ttf-bookerly
ttf-borders-divide-fonts,ttf-borders-divide-fonts
ttf-borg-sans-mono,ttf-borg-sans-mono
ttf-bqn386-git,ttf-bqn386-git
ttf-bree-serif,ttf-bree-serif
ttf-breeze-sans,ttf-breeze-sans
ttf-brill,ttf-brill
ttf-brutalist-mono,ttf-brutalist-mono
ttf-buenard,ttf-buenard
ttf-c64,ttf-c64
ttf-c64-fonts,ttf-c64-fonts
ttf-cairo,ttf-cairo
ttf-caladea-ib,ttf-caladea-ib
ttf-camingocode,ttf-camingocode
ttf-campus_relief,ttf-campus_relief
ttf-caracteres,ttf-caracteres
ttf-cardinal,ttf-cardinal
ttf-cardo,ttf-cardo
ttf-carlito-ib,ttf-carlito-ib
ttf-carrois-gothic-sc,ttf-carrois-gothic-sc
ttf-catamaran-sans,ttf-catamaran-sans
ttf-cavafy-script,ttf-cavafy-script
ttf-century-gothic,ttf-century-gothic
ttf-century-schoolbook,ttf-century-schoolbook
ttf-chango,ttf-chango
ttf-charis-sil,ttf-charis-sil
ttf-cheapskate,ttf-cheapskate
ttf-cherrybomb,ttf-cherrybomb
ttf-chewy,ttf-chewy
ttf-chivo,ttf-chivo
ttf-choc,ttf-choc
ttf-chunk,ttf-chunk
ttf-cica,ttf-cica
ttf-cinecaption,ttf-cinecaption
ttf-clear-sans,ttf-clear-sans
ttf-cm-unicode,ttf-cm-unicode
ttf-cmu-bright,ttf-cmu-bright
ttf-cmu-concrete,ttf-cmu-concrete
ttf-cmu-sans-serif,ttf-cmu-sans-serif
ttf-cmu-serif,ttf-cmu-serif
ttf-cmu-typewriter,ttf-cmu-typewriter
ttf-code2000,ttf-code2000
ttf-code2001,ttf-code2001
ttf-code2002,ttf-code2002
ttf-comfortaa,ttf-comfortaa
ttf-comic-mono-git,ttf-comic-mono-git
ttf-comic-neue,ttf-comic-neue
ttf-comic-relief,ttf-comic-relief
ttf-comme,ttf-comme
ttf-conkyweather,ttf-conkyweather
ttf-consolas-ligaturized,ttf-consolas-ligaturized
ttf-consolas-powerline,ttf-consolas-powerline
ttf-consolas-with-powerline,ttf-consolas-with-powerline
ttf-consolas-with-yahei-powerline-git,ttf-consolas-with-yahei-powerline-git
ttf-constructium,ttf-constructium
ttf-contemporary,ttf-contemporary
ttf-coolvetica,ttf-coolvetica
ttf-cooper-hewitt,ttf-cooper-hewitt
ttf-courier-code,ttf-courier-code
ttf-courier-prime,ttf-courier-prime
ttf-courier-prime-code,ttf-courier-prime-code
ttf-cozette,ttf-cozette
ttf-creepster,ttf-creepster
ttf-crewniverse,ttf-crewniverse
ttf-crimson-pro-git,ttf-crimson-pro-git
ttf-crosextra,ttf-crosextra
ttf-crystal-universe,ttf-crystal-universe
ttf-cuprum,ttf-cuprum
ttf-cutive-mono,ttf-cutive-mono
ttf-cwtex-q-fonts,ttf-cwtex-q-fonts
ttf-d2coding,ttf-d2coding
ttf-dasroy,ttf-dasroy
ttf-dec-terminal-modern,ttf-dec-terminal-modern
ttf-defenestration,ttf-defenestration
ttf-dejavu-emojiless,ttf-dejavu-emojiless
ttf-dejavu-ib,ttf-dejavu-ib
ttf-dejavu-sans-code,ttf-dejavu-sans-code
ttf-dejavu-sans-code-git,ttf-dejavu-sans-code-git
ttf-dejavu-sans-mono-powerline-git,ttf-dejavu-sans-mono-powerline-git
ttf-delugia-code,ttf-delugia-code
ttf-devanagarifonts,ttf-devanagarifonts
ttf-devicons,ttf-devicons
ttf-digital-7,ttf-digital-7
ttf-digital-strip,ttf-digital-strip
ttf-dijkstra,ttf-dijkstra
ttf-dita-sweet,ttf-dita-sweet
ttf-djb-zora-prints-fonts,ttf-djb-zora-prints-fonts
ttf-dm-mono-git,ttf-dm-mono-git
ttf-dmcasansserif,ttf-dmcasansserif
ttf-dni,ttf-dni
ttf-dnk,ttf-dnk
ttf-dotsies,ttf-dotsies
ttf-dp-sans-mono,ttf-dp-sans-mono
ttf-dpcustommono2,ttf-dpcustommono2
ttf-droid-monovar,ttf-droid-monovar
ttf-droid-sans-mono-dotted-powerline-git,ttf-droid-sans-mono-dotted-powerline-git
ttf-droid-sans-mono-slashed-powerline-git,ttf-droid-sans-mono-slashed-powerline-git
ttf-droid-simple,ttf-droid-simple
ttf-dseg,ttf-dseg
ttf-dugfont,ttf-dugfont
ttf-eadui,ttf-eadui
ttf-ebgaramond,ttf-ebgaramond
ttf-ecofont-sans,ttf-ecofont-sans
ttf-economica,ttf-economica
ttf-electroharmonix,ttf-electroharmonix
ttf-elice-digital-baeum,ttf-elice-digital-baeum
ttf-elice-digital-coding,ttf-elice-digital-coding
ttf-encom,ttf-encom
ttf-enochian,ttf-enochian
ttf-envy-code-r,ttf-envy-code-r
ttf-essays,ttf-essays
ttf-european-typewriter,ttf-european-typewriter
ttf-eurostile-complete,ttf-eurostile-complete
ttf-euroteletext,ttf-euroteletext
ttf-everson-mono,ttf-everson-mono
ttf-exljbris,ttf-exljbris
ttf-exo-2,ttf-exo-2
ttf-exo2-variable,ttf-exo2-variable
ttf-ezhuthu,ttf-ezhuthu
ttf-fairfax-hd,ttf-fairfax-hd
ttf-fakepearl-git,ttf-fakepearl-git
ttf-fangzheng,ttf-fangzheng
ttf-fantasque-sans-git,ttf-fantasque-sans-git
ttf-fanwood,ttf-fanwood
ttf-fanwunhak,ttf-fanwunhak
ttf-fanwunming,ttf-fanwunming
ttf-fate-core,ttf-fate-core
ttf-faustina-variable,ttf-faustina-variable
ttf-fenix,ttf-fenix
ttf-ferrite-core-git,ttf-ferrite-core-git
ttf-fifteen,ttf-fifteen
ttf-fira-go,ttf-fira-go
ttf-firge,ttf-firge
ttf-fixedsys-excelsior-linux,ttf-fixedsys-excelsior-linux
ttf-flexi-ibm-vga-false,ttf-flexi-ibm-vga-false
ttf-fluentui-system-icons,ttf-fluentui-system-icons
ttf-font-awesome-4,ttf-font-awesome-4
ttf-font-awesome-pro,ttf-font-awesome-pro
ttf-font-icons,ttf-font-icons
ttf-font-logos,ttf-font-logos
ttf-font-nerd-dummy,ttf-font-nerd-dummy
ttf-forsvarsmakten-sans-stencil,ttf-forsvarsmakten-sans-stencil
ttf-fossfonts,ttf-fossfonts
ttf-fredoka-one,ttf-fredoka-one
ttf-free3of9,ttf-free3of9
ttf-freebanglafont,ttf-freebanglafont
ttf-fritz,ttf-fritz
ttf-fuzzy-cootie,ttf-fuzzy-cootie
ttf-gabriola,ttf-gabriola
ttf-gaegu,ttf-gaegu
ttf-game-fonts,ttf-game-fonts
ttf-gamja-flower,ttf-gamja-flower
ttf-gelasio-ib,ttf-gelasio-ib
ttf-genericmobile,ttf-genericmobile
ttf-genjyuu-gothic,ttf-genjyuu-gothic
ttf-genryu-git,ttf-genryu-git
ttf-genseki-git,ttf-genseki-git
ttf-gensen-git,ttf-gensen-git
ttf-genshin-gothic,ttf-genshin-gothic
ttf-gentium-basic,ttf-gentium-basic
ttf-genwan-git,ttf-genwan-git
ttf-genyo-git,ttf-genyo-git
ttf-genyog-git,ttf-genyog-git
ttf-georgewilliams,ttf-georgewilliams
ttf-geosans-light,ttf-geosans-light
ttf-germanica,ttf-germanica
ttf-gidole,ttf-gidole
ttf-glass-tty,ttf-glass-tty
ttf-go-mono-git,ttf-go-mono-git
ttf-gofont-git,ttf-gofont-git
ttf-goldmansans,ttf-goldmansans
ttf-goodcity,ttf-goodcity
ttf-google,ttf-google
ttf-google-fonts-git,ttf-google-fonts-git
ttf-google-fonts-typewolf,ttf-google-fonts-typewolf
ttf-google-sans,ttf-google-sans
ttf-google-thai,ttf-google-thai
ttf-gost,ttf-gost
ttf-gothica,ttf-gothica
ttf-goudy-bookletter-1911,ttf-goudy-bookletter-1911
ttf-gowun-batang,ttf-gowun-batang
ttf-gowun-dodum,ttf-gowun-dodum
ttf-graduate-git,ttf-graduate-git
ttf-grenze-gotisch-variable,ttf-grenze-gotisch-variable
ttf-gujrati-fonts,ttf-gujrati-fonts
ttf-gurmukhi-fonts_sikhnet,ttf-gurmukhi-fonts_sikhnet
ttf-gurmukhi_punjabi,ttf-gurmukhi_punjabi
ttf-hack-ligatured,ttf-hack-ligatured
ttf-hackgen,ttf-hackgen
ttf-hactor,ttf-hactor
ttf-haeck,ttf-haeck
ttf-halfeighties,ttf-halfeighties
ttf-hananiah,ttf-hananiah
ttf-hanken,ttf-hanken
ttf-hardcompound,ttf-hardcompound
ttf-havana,ttf-havana
ttf-hellvetica,ttf-hellvetica
ttf-heuristica,ttf-heuristica
ttf-hind,ttf-hind
ttf-humor-sans,ttf-humor-sans
ttf-hymmnos-ar,ttf-hymmnos-ar
ttf-hyzhongheiti-extbcdefg,ttf-hyzhongheiti-extbcdefg
ttf-i.bming,ttf-i.bming
ttf-i.ming,ttf-i.ming
ttf-ia-writer,ttf-ia-writer
ttf-ia-writer-duospace,ttf-ia-writer-duospace
ttf-iansui-git,ttf-iansui-git
ttf-ibm-plex-git,ttf-ibm-plex-git
ttf-ibm-plex-mono-git,ttf-ibm-plex-mono-git
ttf-icomoon-feather,ttf-icomoon-feather
ttf-ifao-grec,ttf-ifao-grec
ttf-ifao-n-copte,ttf-ifao-n-copte
ttf-impallari-cabin-font,ttf-impallari-cabin-font
ttf-impallari-cabin-sketch,ttf-impallari-cabin-sketch
ttf-impallari-cancelleresca-bastarda,ttf-impallari-cancelleresca-bastarda
ttf-impallari-cantora,ttf-impallari-cantora
ttf-impallari-dancing-script,ttf-impallari-dancing-script
ttf-impallari-dosis,ttf-impallari-dosis
ttf-impallari-encode-sans,ttf-impallari-encode-sans
ttf-impallari-formal-script-for-the-web,ttf-impallari-formal-script-for-the-web
ttf-impallari-hermeusone,ttf-impallari-hermeusone
ttf-impallari-kaushan-script,ttf-impallari-kaushan-script
ttf-impallari-libre-baskerville,ttf-impallari-libre-baskerville
ttf-impallari-libre-caslon-display,ttf-impallari-libre-caslon-display
ttf-impallari-libre-caslon-text,ttf-impallari-libre-caslon-text
ttf-impallari-life-savers-handlettered-stymie,ttf-impallari-life-savers-handlettered-stymie
ttf-impallari-lobster-font,ttf-impallari-lobster-font
ttf-impallari-lobstertwo,ttf-impallari-lobstertwo
ttf-impallari-milonga,ttf-impallari-milonga
ttf-impallari-new-rocker,ttf-impallari-new-rocker
ttf-impallari-quattrocento,ttf-impallari-quattrocento
ttf-impallari-quattrocento-sans,ttf-impallari-quattrocento-sans
ttf-impallari-racing-sans,ttf-impallari-racing-sans
ttf-impallari-raleway-dots,ttf-impallari-raleway-dots
ttf-impallari-ranchers,ttf-impallari-ranchers
ttf-impallari-sniglet,ttf-impallari-sniglet
ttf-inconsolata-g,ttf-inconsolata-g
ttf-inconsolata-hellenic,ttf-inconsolata-hellenic
ttf-inconsolata-lgc-for-powerline,ttf-inconsolata-lgc-for-powerline
ttf-inconsolata-lgc-git,ttf-inconsolata-lgc-git
ttf-inconsolata2,ttf-inconsolata2
ttf-indieflower,ttf-indieflower
ttf-ingleby,ttf-ingleby
ttf-inupiaqnumbers,ttf-inupiaqnumbers
ttf-inupiaqnumbers-git,ttf-inupiaqnumbers-git
ttf-invader,ttf-invader
ttf-iosevka,ttf-iosevka
ttf-iosevka-aile,ttf-iosevka-aile
ttf-iosevka-curly,ttf-iosevka-curly
ttf-iosevka-curly-slab,ttf-iosevka-curly-slab
ttf-iosevka-custom-git,ttf-iosevka-custom-git
ttf-iosevka-etoile,ttf-iosevka-etoile
ttf-iosevka-fixed,ttf-iosevka-fixed
ttf-iosevka-fixed-curly,ttf-iosevka-fixed-curly
ttf-iosevka-fixed-curly-slab,ttf-iosevka-fixed-curly-slab
ttf-iosevka-fixed-custom-git,ttf-iosevka-fixed-custom-git
ttf-iosevka-fixed-slab,ttf-iosevka-fixed-slab
ttf-iosevka-fixed-ss01,ttf-iosevka-fixed-ss01
ttf-iosevka-fixed-ss02,ttf-iosevka-fixed-ss02
ttf-iosevka-fixed-ss03,ttf-iosevka-fixed-ss03
ttf-iosevka-fixed-ss04,ttf-iosevka-fixed-ss04
ttf-iosevka-fixed-ss05,ttf-iosevka-fixed-ss05
ttf-iosevka-fixed-ss06,ttf-iosevka-fixed-ss06
ttf-iosevka-fixed-ss07,ttf-iosevka-fixed-ss07
ttf-iosevka-fixed-ss08,ttf-iosevka-fixed-ss08
ttf-iosevka-fixed-ss09,ttf-iosevka-fixed-ss09
ttf-iosevka-fixed-ss10,ttf-iosevka-fixed-ss10
ttf-iosevka-fixed-ss11,ttf-iosevka-fixed-ss11
ttf-iosevka-fixed-ss12,ttf-iosevka-fixed-ss12
ttf-iosevka-fixed-ss13,ttf-iosevka-fixed-ss13
ttf-iosevka-fixed-ss14,ttf-iosevka-fixed-ss14
ttf-iosevka-fixed-ss15,ttf-iosevka-fixed-ss15
ttf-iosevka-fixed-ss16,ttf-iosevka-fixed-ss16
ttf-iosevka-fixed-ss17,ttf-iosevka-fixed-ss17
ttf-iosevka-fixed-ss18,ttf-iosevka-fixed-ss18
ttf-iosevka-git,ttf-iosevka-git
ttf-iosevka-haskell,ttf-iosevka-haskell
ttf-iosevka-ibx,ttf-iosevka-ibx
ttf-iosevka-lyte,ttf-iosevka-lyte
ttf-iosevka-lyte-nerd-font,ttf-iosevka-lyte-nerd-font
ttf-iosevka-slab,ttf-iosevka-slab
ttf-iosevka-ss01,ttf-iosevka-ss01
ttf-iosevka-ss02,ttf-iosevka-ss02
ttf-iosevka-ss02-term,ttf-iosevka-ss02-term
ttf-iosevka-ss03,ttf-iosevka-ss03
ttf-iosevka-ss04,ttf-iosevka-ss04
ttf-iosevka-ss05,ttf-iosevka-ss05
ttf-iosevka-ss06,ttf-iosevka-ss06
ttf-iosevka-ss07,ttf-iosevka-ss07
ttf-iosevka-ss08,ttf-iosevka-ss08
ttf-iosevka-ss09,ttf-iosevka-ss09
ttf-iosevka-ss10,ttf-iosevka-ss10
ttf-iosevka-ss11,ttf-iosevka-ss11
ttf-iosevka-ss12,ttf-iosevka-ss12
ttf-iosevka-ss13,ttf-iosevka-ss13
ttf-iosevka-ss14,ttf-iosevka-ss14
ttf-iosevka-ss15,ttf-iosevka-ss15
ttf-iosevka-ss16,ttf-iosevka-ss16
ttf-iosevka-ss17,ttf-iosevka-ss17
ttf-iosevka-ss18,ttf-iosevka-ss18
ttf-iosevka-term,ttf-iosevka-term
ttf-iosevka-term-curly,ttf-iosevka-term-curly
ttf-iosevka-term-curly-slab,ttf-iosevka-term-curly-slab
ttf-iosevka-term-custom-git,ttf-iosevka-term-custom-git
ttf-iosevka-term-slab,ttf-iosevka-term-slab
ttf-iosevka-term-ss01,ttf-iosevka-term-ss01
ttf-iosevka-term-ss02,ttf-iosevka-term-ss02
ttf-iosevka-term-ss03,ttf-iosevka-term-ss03
ttf-iosevka-term-ss04,ttf-iosevka-term-ss04
ttf-iosevka-term-ss05,ttf-iosevka-term-ss05
ttf-iosevka-term-ss06,ttf-iosevka-term-ss06
ttf-iosevka-term-ss07,ttf-iosevka-term-ss07
ttf-iosevka-term-ss08,ttf-iosevka-term-ss08
ttf-iosevka-term-ss09,ttf-iosevka-term-ss09
ttf-iosevka-term-ss10,ttf-iosevka-term-ss10
ttf-iosevka-term-ss11,ttf-iosevka-term-ss11
ttf-iosevka-term-ss12,ttf-iosevka-term-ss12
ttf-iosevka-term-ss13,ttf-iosevka-term-ss13
ttf-iosevka-term-ss14,ttf-iosevka-term-ss14
ttf-iosevka-term-ss15,ttf-iosevka-term-ss15
ttf-iosevka-term-ss16,ttf-iosevka-term-ss16
ttf-iosevka-term-ss17,ttf-iosevka-term-ss17
ttf-iosevka-term-ss18,ttf-iosevka-term-ss18
ttf-ipa-mona,ttf-ipa-mona
ttf-irianis,ttf-irianis
ttf-iskpota,ttf-iskpota
ttf-istok,ttf-istok
ttf-itxe-sans,ttf-itxe-sans
ttf-itxe-writing,ttf-itxe-writing
ttf-jam-icons,ttf-jam-icons
ttf-jameel-noori-nastaleeq,ttf-jameel-noori-nastaleeq
ttf-jasonhandwriting,ttf-jasonhandwriting
ttf-jetbrains-mono-git,ttf-jetbrains-mono-git
ttf-jf-openhuninn,ttf-jf-openhuninn
ttf-jomolhari,ttf-jomolhari
ttf-jozoor,ttf-jozoor
ttf-juliamono,ttf-juliamono
ttf-junction,ttf-junction
ttf-kanjistrokeorders,ttf-kanjistrokeorders
ttf-kannada-font,ttf-kannada-font
ttf-karla,ttf-karla
ttf-kascadia,ttf-kascadia
ttf-kazesawa-git,ttf-kazesawa-git
ttf-keep-calm-medium,ttf-keep-calm-medium
ttf-kh-dotfont,ttf-kh-dotfont
ttf-kids,ttf-kids
ttf-killgothic-u,ttf-killgothic-u
ttf-kix,ttf-kix
ttf-klee-one,ttf-klee-one
ttf-knewave,ttf-knewave
ttf-know-your-product,ttf-know-your-product
ttf-kochi-substitute,ttf-kochi-substitute
ttf-komatuna,ttf-komatuna
ttf-kopub,ttf-kopub
ttf-kopubworld,ttf-kopubworld
ttf-koruri,ttf-koruri
ttf-kose-git,ttf-kose-git
ttf-labiryntowy,ttf-labiryntowy
ttf-labrit,ttf-labrit
ttf-lacartoonerie,ttf-lacartoonerie
ttf-lao,ttf-lao
ttf-lastresort,ttf-lastresort
ttf-lastwaerk,ttf-lastwaerk
ttf-latex-xft-fonts,ttf-latex-xft-fonts
ttf-lazenby-computer,ttf-lazenby-computer
ttf-lcsmith-typewriter,ttf-lcsmith-typewriter
ttf-league-script-number-one,ttf-league-script-number-one
ttf-lekton,ttf-lekton
ttf-liberastika,ttf-liberastika
ttf-liberation-sans-narrow,ttf-liberation-sans-narrow
ttf-librebaskerville,ttf-librebaskerville
ttf-ligaconsolas-nerd-font,ttf-ligaconsolas-nerd-font
ttf-lightfoot,ttf-lightfoot
ttf-lilex,ttf-lilex
ttf-linden-hill,ttf-linden-hill
ttf-line-awesome,ttf-line-awesome
ttf-linex-fonts,ttf-linex-fonts
ttf-linkinpark,ttf-linkinpark
ttf-literata,ttf-literata
ttf-literation,ttf-literation
ttf-literation-mono-powerline-git,ttf-literation-mono-powerline-git
ttf-livvic,ttf-livvic
ttf-lklug,ttf-lklug
ttf-lobsang-monlam,ttf-lobsang-monlam
ttf-london-tube,ttf-london-tube
ttf-lora-cyrillic,ttf-lora-cyrillic
ttf-lora-cyrillic-variable,lora-cyrillic-font
ttf-luciole,ttf-luciole
ttf-luculent,ttf-luculent
ttf-luxi,ttf-luxi
ttf-lxgw-bright,ttf-lxgw-bright
ttf-lxgw-marker-gothic,ttf-lxgw-marker-gothic
ttf-lxgw-new-clear-gothic,ttf-lxgw-new-clear-gothic
ttf-lxgw-wenkai,ttf-lxgw-wenkai
ttf-lxgw-wenkai-lite,ttf-lxgw-wenkai-lite
ttf-lxgw-wenkai-tc,ttf-lxgw-wenkai-tc
ttf-mac-fonts,ttf-mac-fonts
ttf-macedonian-ancient,ttf-macedonian-ancient
ttf-macedonian-church,ttf-macedonian-church
ttf-malayalam-font-anjalioldlipi,ttf-malayalam-font-anjalioldlipi
ttf-malayalam-font-chilanka,ttf-malayalam-font-chilanka
ttf-malayalam-font-dyuthi,ttf-malayalam-font-dyuthi
ttf-malayalam-font-keraleeyam,ttf-malayalam-font-keraleeyam
ttf-malayalam-font-meera,ttf-malayalam-font-meera
ttf-malayalam-font-rachana,ttf-malayalam-font-rachana
ttf-malayalam-font-raghumalayalamsans,ttf-malayalam-font-raghumalayalamsans
ttf-malayalam-font-suruma,ttf-malayalam-font-suruma
ttf-malayalam-fonts-meta,ttf-malayalam-fonts-meta
ttf-malithi,ttf-malithi
ttf-manaspace,ttf-manaspace
ttf-manrope,ttf-manrope
ttf-manuale-variable,ttf-manuale-variable
ttf-maple,ttf-maple
ttf-markazi-text-variable,ttf-markazi-text-variable
ttf-martian-mono,ttf-martian-mono
ttf-masterforce-solid,ttf-masterforce-solid
ttf-material-design-iconic-font,ttf-material-design-iconic-font
ttf-material-design-icons,ttf-material-design-icons
ttf-material-design-icons-desktop-git,ttf-material-design-icons-desktop-git
ttf-material-design-icons-extended,ttf-material-design-icons-extended
ttf-material-design-icons-git,ttf-material-design-icons-git
ttf-material-design-icons-webfont,ttf-material-design-icons-webfont
ttf-maven-pro,ttf-maven-pro
ttf-maximilian,ttf-maximilian
ttf-medievalsharp,ttf-medievalsharp
ttf-megrim,ttf-megrim
ttf-meguri,ttf-meguri
ttf-menlo-powerline-git,ttf-menlo-powerline-git
ttf-mensch,ttf-mensch
ttf-merge-one,ttf-merge-one
ttf-merriweather,ttf-merriweather
ttf-merriweather-sans,ttf-merriweather-sans
ttf-meslo,ttf-meslo
ttf-meslo-nerd-font-powerlevel10k,ttf-meslo-nerd-font-powerlevel10k
ttf-metamorphous,ttf-metamorphous
ttf-mgenplus,ttf-mgenplus
ttf-mgopen,ttf-mgopen
ttf-microns,ttf-microns
ttf-migmix,ttf-migmix
ttf-migu,ttf-migu
ttf-mikachan,ttf-mikachan
ttf-minecrafter,ttf-minecrafter
ttf-mintysis,ttf-mintysis
ttf-miriam-libre,ttf-miriam-libre
ttf-misaki,ttf-misaki
ttf-misans,ttf-misans
ttf-mizutama-emoji,ttf-mizutama-emoji
ttf-mmcedar,ttf-mmcedar
ttf-moderndos,ttf-moderndos
ttf-mona,ttf-mona
ttf-monaco,ttf-monaco
ttf-monapo,ttf-monapo
ttf-monda,ttf-monda
ttf-monofur-powerline-git,ttf-monofur-powerline-git
ttf-monoid-git,ttf-monoid-git
ttf-mononoki,ttf-mononoki
ttf-mononoki-git,ttf-mononoki-git
ttf-monotype-corsiva,ttf-monotype-corsiva
ttf-montepetrum,ttf-montepetrum
ttf-mph-2b-damase,ttf-mph-2b-damase
ttf-mplus,ttf-mplus
ttf-mplus-git,ttf-mplus-git
ttf-ms-fonts,ttf-ms-fonts
ttf-ms-win10,ttf-ms-win10
ttf-ms-win10-auto,ttf-ms-win10-auto
ttf-ms-win10-cdn,ttf-ms-win10-cdn
ttf-ms-win10-fod-zh_cn,ttf-ms-win10-fod-zh_cn
ttf-ms-win11,ttf-ms-win11
ttf-ms-win11-auto,ttf-ms-win11-auto
ttf-ms-win11-fod,ttf-ms-win11-fod
ttf-ms-win11-fod-zh_cn,ttf-ms-win11-fod-zh_cn
ttf-ms-win8,ttf-ms-win8
ttf-ms33558,ttf-ms33558
ttf-muli,ttf-muli
ttf-mulish,ttf-mulish
ttf-mutant-emoji,ttf-mutant-emoji
ttf-mutsuki,ttf-mutsuki
ttf-myrica,ttf-myrica
ttf-myricam,ttf-myricam
ttf-myuppy-gb,ttf-myuppy-gb
ttf-naikai-git,ttf-naikai-git
ttf-nanum,ttf-nanum
ttf-nanumgothic_coding,ttf-nanumgothic_coding
ttf-nasu,ttf-nasu
ttf-national-park,ttf-national-park
ttf-navbharati,ttf-navbharati
ttf-neodgm,ttf-neodgm
ttf-neodgm-pro,ttf-neodgm-pro
ttf-nepali-font-git,ttf-nepali-font-git
ttf-nepali-fonts,ttf-nepali-fonts
ttf-nerd-fonts-hack-complete-git,ttf-nerd-fonts-hack-complete-git
ttf-nerd-fonts-input,ttf-nerd-fonts-input
ttf-neuton,ttf-neuton
ttf-neverworld,ttf-neverworld
ttf-new-athena-unicode,ttf-new-athena-unicode
ttf-news-cycle,ttf-news-cycle
ttf-nexon,ttf-nexon
ttf-nishiki-teki,ttf-nishiki-teki
ttf-nixie-one,ttf-nixie-one
ttf-noir-et-blanc,ttf-noir-et-blanc
ttf-nokiapure,ttf-nokiapure
ttf-nomnatong,ttf-nomnatong
ttf-nothingyoucoulddo,ttf-nothingyoucoulddo
ttf-noto-fonts-ib,ttf-noto-fonts-ib
ttf-noto-fonts-simple,ttf-noto-fonts-simple
ttf-noto-sans-kannada,ttf-noto-sans-kannada
ttf-nova,ttf-nova
ttf-nunito,ttf-nunito
ttf-nunito-sans,ttf-nunito-sans
ttf-ocr-a,ttf-ocr-a
ttf-octicons,ttf-octicons
ttf-office-2007-fonts,ttf-office-2007-fonts
ttf-oldeenglish,ttf-oldeenglish
ttf-oldenglish5,ttf-oldenglish5
ttf-op-slate,ttf-op-slate
ttf-open-relay-git,ttf-open-relay-git
ttf-open-sans-condensed,ttf-open-sans-condensed
ttf-open-sauce-sans,ttf-open-sauce-sans
ttf-opendyslexic,ttf-opendyslexic
ttf-openlogos-archupdate,ttf-openlogos-archupdate
ttf-openwebicons,ttf-openwebicons
ttf-opposans,ttf-opposans
ttf-optimusprinceps,ttf-optimusprinceps
ttf-oradano-mincho,ttf-oradano-mincho
ttf-orbitron,ttf-orbitron
ttf-ornements,ttf-ornements
ttf-orthodox-herbertarian,ttf-orthodox-herbertarian
ttf-osaka-sans-serif,ttf-osaka-sans-serif
ttf-ostrich-sans,ttf-ostrich-sans
ttf-oswald,ttf-oswald
ttf-oxanium,ttf-oxanium
ttf-oxygen,ttf-oxygen
ttf-oxygen-gf,ttf-oxygen-gf
ttf-pacifico,ttf-pacifico
ttf-paratype,ttf-paratype
ttf-patrick-hand-full,ttf-patrick-hand-full
ttf-perfectdos,ttf-perfectdos
ttf-permanent-marker,ttf-permanent-marker
ttf-pf-agora-sans-pro-git,ttf-pf-agora-sans-pro-git
ttf-philosopher-google,ttf-philosopher-google
ttf-pingfang,ttf-pingfang
ttf-pingfang-git,ttf-pingfang-git
ttf-pirata-one,ttf-pirata-one
ttf-pixeled,ttf-pixeled
ttf-pixeloperator,ttf-pixeloperator
ttf-pizzadude-bullets,ttf-pizzadude-bullets
ttf-plainblack,ttf-plainblack
ttf-plangothic,ttf-plangothic
ttf-play,ttf-play
ttf-playfair-display,ttf-playfair-display
ttf-playfair-display-sc,ttf-playfair-display-sc
ttf-plemoljp,ttf-plemoljp
ttf-pomicons,ttf-pomicons
ttf-poppins,ttf-poppins
ttf-porcelain,ttf-porcelain
ttf-press-start-2p,ttf-press-start-2p
ttf-prociono,ttf-prociono
ttf-profont-iix,ttf-profont-iix
ttf-proggy-vector,ttf-proggy-vector
ttf-proza-libre,ttf-proza-libre
ttf-pt-astra-fact,ttf-pt-astra-fact
ttf-pt-root-ui,ttf-pt-root-ui
ttf-public-sans-variable,ttf-public-sans-variable
ttf-quintessential,ttf-quintessential
ttf-qurancomplex-fonts,ttf-qurancomplex-fonts
ttf-rajdhani,ttf-rajdhani
ttf-recursive,ttf-recursive
ttf-remixicon,ttf-remixicon
ttf-resource-han-rounded,ttf-resource-han-rounded
ttf-revelation,ttf-revelation
ttf-ricty,ttf-ricty
ttf-ricty-diminished,ttf-ricty-diminished
ttf-roadgeek,ttf-roadgeek
ttf-roboto-flex,ttf-roboto-flex
ttf-roboto-fontconfig,ttf-roboto-fontconfig
ttf-roboto-serif,ttf-roboto-serif
ttf-roboto-slab,ttf-roboto-slab
ttf-roboto-slab-variable,ttf-roboto-slab-variable
ttf-romande,ttf-romande
ttf-rosario-variable,ttf-rosario-variable
ttf-rounded-mplus,ttf-rounded-mplus
ttf-rubik,ttf-rubik
ttf-sabilulungan-sundanese,ttf-sabilulungan-sundanese
ttf-saginaw,ttf-saginaw
ttf-saira-variable,ttf-saira-variable
ttf-sans-bullshit-sans,ttf-sans-bullshit-sans
ttf-sansita-swashed-variable,ttf-sansita-swashed-variable
ttf-sarala-git,ttf-sarala-git
ttf-sarasa-ui-sc,ttf-sarasa-ui-sc
ttf-sawarabi-gothic,ttf-sawarabi-gothic
ttf-sawarabi-mincho,ttf-sawarabi-mincho
ttf-saweri,ttf-saweri
ttf-sazanami-hanazono,ttf-sazanami-hanazono
ttf-sbl-biblit,ttf-sbl-biblit
ttf-sbl-greek,ttf-sbl-greek
ttf-sbl-hebrew,ttf-sbl-hebrew
ttf-scientifica,ttf-scientifica
ttf-secuela,ttf-secuela
ttf-sega,ttf-sega
ttf-segoe-ui-variable,ttf-segoe-ui-variable
ttf-segoewp,ttf-segoewp
ttf-selawik,ttf-selawik
ttf-senty-free,ttf-senty-free
ttf-seto,ttf-seto
ttf-sf_groove_machine,ttf-sf_groove_machine
ttf-share-gf,ttf-share-gf
ttf-shlomo,ttf-shlomo
ttf-siddhanta,ttf-siddhanta
ttf-signika,ttf-signika
ttf-sil-abyssinica,ttf-sil-abyssinica
ttf-sil-alkalami,ttf-sil-alkalami
ttf-sil-annapurna,ttf-sil-annapurna
ttf-sil-apparatus,ttf-sil-apparatus
ttf-sil-awami-nastaliq,ttf-sil-awami-nastaliq
ttf-sil-dai-banna,ttf-sil-dai-banna
ttf-sil-doulos,ttf-sil-doulos
ttf-sil-ezra,ttf-sil-ezra
ttf-sil-fonts,ttf-sil-fonts
ttf-sil-galatia,ttf-sil-galatia
ttf-sil-harmattan,ttf-sil-harmattan
ttf-sil-kawkab-mono,ttf-sil-kawkab-mono
ttf-sil-lateef,ttf-sil-lateef
ttf-sil-mingzat,ttf-sil-mingzat
ttf-sil-mondulkiri,ttf-sil-mondulkiri
ttf-sil-namdhinggo,ttf-sil-namdhinggo
ttf-sil-nuosu,ttf-sil-nuosu
ttf-sil-padauk,ttf-sil-padauk
ttf-sil-scheherazade,ttf-sil-scheherazade
ttf-sil-sophia-nubian,ttf-sil-sophia-nubian
ttf-sil-tagmukay,ttf-sil-tagmukay
ttf-sil-tai-heritage-pro,ttf-sil-tai-heritage-pro
ttf-silkscreen,ttf-silkscreen
ttf-simple-line-icons,ttf-simple-line-icons
ttf-sipa-dip,ttf-sipa-dip
ttf-sk-polytonic-fonts,ttf-sk-polytonic-fonts
ttf-smokum,ttf-smokum
ttf-sniglet,ttf-sniglet
ttf-sometype-mono,ttf-sometype-mono
ttf-sometype-mono-git,ttf-sometype-mono-git
ttf-sorts-mill-goudy,ttf-sorts-mill-goudy
ttf-source-code-pro-ibx,ttf-source-code-pro-ibx
ttf-sourcesanspro,ttf-sourcesanspro
ttf-soutane,ttf-soutane
ttf-spacemono,ttf-spacemono
ttf-sparks-ffa,ttf-sparks-ffa
ttf-sparks-scrapbook,ttf-sparks-scrapbook
ttf-special-elite,ttf-special-elite
ttf-spionic,ttf-spionic
ttf-spline-sans,ttf-spline-sans
ttf-spline-sans-mono,ttf-spline-sans-mono
ttf-squadaone,ttf-squadaone
ttf-sudo,ttf-sudo
ttf-sundarbharati,ttf-sundarbharati
ttf-sw2010,ttf-sw2010
ttf-swei-gothic-git,ttf-swei-gothic-git
ttf-swei-spring-git,ttf-swei-spring-git
ttf-symbola-free,ttf-symbola-free
ttf-symbols-adf,ttf-symbols-adf
ttf-tabler-icons,ttf-tabler-icons
ttf-tahoma,ttf-tahoma
ttf-tajawal,ttf-tajawal
ttf-tamil,ttf-tamil
ttf-tangiers,ttf-tangiers
ttf-tangut-wenhai,ttf-tangut-wenhai
ttf-tangut-yinchuan,ttf-tangut-yinchuan
ttf-tannenberg,ttf-tannenberg
ttf-technical,ttf-technical
ttf-teletext2,ttf-teletext2
ttf-tempesta-seven,ttf-tempesta-seven
ttf-tengwar-annatar,ttf-tengwar-annatar
ttf-th-sarabun-new,ttf-th-sarabun-new
ttf-ti83symbols,ttf-ti83symbols
ttf-times-new-roman,ttf-times-new-roman
ttf-timetable-latest,ttf-timetable-latest
ttf-tiresias,ttf-tiresias
ttf-totem,ttf-totem
ttf-tr2n,ttf-tr2n
ttf-tratex,ttf-tratex
ttf-traveling-typewriter,ttf-traveling-typewriter
ttf-tt2020,ttf-tt2020
ttf-tuladha,ttf-tuladha
ttf-tw,ttf-tw
ttf-twcns-fonts,ttf-twcns-fonts
ttf-twemoji,ttf-twemoji
ttf-twemoji-color,ttf-twemoji-color
ttf-twemoji-color-git,ttf-twemoji-color-git
ttf-typicons,ttf-typicons
ttf-typopro,ttf-typopro
ttf-ubraille,ttf-ubraille
ttf-ubuntu-arabic,ttf-ubuntu-arabic
ttf-ubuntu-mono-derivative-powerline-git,ttf-ubuntu-mono-derivative-powerline-git
ttf-ubuntu-mono-ligaturized-git,ttf-ubuntu-mono-ligaturized-git
ttf-ume,ttf-ume
ttf-umeplus,ttf-umeplus
ttf-umeplus-cl,ttf-umeplus-cl
ttf-unicons,ttf-unicons
ttf-unifont,ttf-unifont
ttf-unifont-csur,ttf-unifont-csur
ttf-unifraktur,ttf-unifraktur
ttf-urdufonts,ttf-urdufonts
ttf-vcr-osd-mono,ttf-vcr-osd-mono
ttf-vdrsymbols,ttf-vdrsymbols
ttf-victor-mono,ttf-victor-mono
ttf-vietnamese-tcvn3,ttf-vietnamese-tcvn3
ttf-vietnamese-vni,ttf-vietnamese-vni
ttf-vista-fonts,ttf-vista-fonts
ttf-vlgothic,ttf-vlgothic
ttf-weather-icons,ttf-weather-icons
ttf-webhostinghub-glyphs,ttf-webhostinghub-glyphs
ttf-weblysleekui,ttf-weblysleekui
ttf-whatever-it-takes,ttf-whatever-it-takes
ttf-whatsapp-emoji,ttf-whatsapp-emoji
ttf-whiterabbit,ttf-whiterabbit
ttf-win10,ttf-win10
ttf-win7-fonts,ttf-win7-fonts
ttf-wireone,ttf-wireone
ttf-work-sans,ttf-work-sans
ttf-wps-fonts,ttf-wps-fonts
ttf-wps-win10,ttf-wps-win10
ttf-wqy-microhei-ibx,ttf-wqy-microhei-ibx
ttf-x2,ttf-x2
ttf-xenippa,ttf-xenippa
ttf-xirwena,ttf-xirwena
ttf-xo-caliburn,ttf-xo-caliburn
ttf-xo-courser,ttf-xo-courser
ttf-xo-fonts,ttf-xo-fonts
ttf-xo-oriel,ttf-xo-oriel
ttf-xo-oriel-condensed,ttf-xo-oriel-condensed
ttf-xo-symbol,ttf-xo-symbol
ttf-xo-symbol-mac,ttf-xo-symbol-mac
ttf-xo-tahion,ttf-xo-tahion
ttf-xo-thames,ttf-xo-thames
ttf-xo-windy,ttf-xo-windy
ttf-y145m-2009,ttf-y145m-2009
ttf-yas,ttf-yas
ttf-yosemite-san-francisco-font-git,ttf-yosemite-san-francisco-font-git
ttf-yozai-font,ttf-yozai-font
ttf-zaklad,ttf-zaklad
ttf-zalgo,ttf-zalgo
ttf-zekton-rg,ttf-zekton-rg
ttf-zelda,ttf-zelda
ttf-yanone-kaffeesatz,yanone-kaffeesatz-font
ttf-yrsa,yrsa-font
ttf-ysabeau-git,ysabeau-git
